"Pdb","Group1","Group2","IntraclashesGroup1","IntraclashesGroup2","Interaction.Energy","Backbone.Hbond","Sidechain.Hbond","Van.der.Waals","Electrostatics","Solvation.Polar","Solvation.Hydrophobic","Van.der.Waals.clashes","entropy.sidechain","entropy.mainchain","sloop_entropy","mloop_entropy","cis_bond","torsional.clash","backbone.clash","helix.dipole","water.bridge","disulfide","electrostatic.kon","partial.covalent.bonds","energy.Ionisation","Entropy.Complex","Number.of.Residues","Interface.Residues","Interface.Residues.Clashing","Interface.Residues.VdW.Clashing","Interface.Residues.BB.Clashing","AAseq"
"./AncSR2_SRE_Repair_1.pdb","IJ","AB",10.2536,9.19898,-8.10709,-7.28792,-21.4964,-19.3599,-0.944118,45.1925,-17.6381,0.369083,10.7168,1.98526,0,0,0,0.118486,1.35459,0.200422,0,0,0,0,0.0367902,2.384,181,62,0,0,0,"AAKM"
"./AncSR2_SRE_Repair_2.pdb","IJ","AB",10.2536,9.37677,-6.81814,-7.25009,-22.6912,-19.1462,-0.963323,46.0114,-16.5227,0.373122,11.0227,1.98526,0,0,0,0.125764,1.42188,0.200422,0,0,0,0,0.0367902,2.384,181,61,0,0,0,"AAKQ"
"./AncSR2_SRE_Repair_3.pdb","IJ","AB",10.2536,10.268,-11.093,-8.02105,-21.7208,-20.0305,-0.856969,43.7138,-17.6119,0.36588,10.4921,1.9636,0,0,0,0.235241,1.41472,0.200422,0,0,0,0,0.177129,2.384,181,62,0,0,0,"AARM"
"./AncSR2_SRE_Repair_4.pdb","IJ","AB",10.2536,9.43124,-9.58571,-7.69838,-22.0648,-20.3041,-0.983751,45.4864,-18.557,0.399114,11.7895,1.98526,0,0,0,0.124926,1.36269,0.200422,0,0,0,0,0.0367902,2.384,181,61,0,0,0,"CAKM"
"./AncSR2_SRE_Repair_5.pdb","IJ","AB",10.2756,10.4678,-13.3488,-9.0086,-22.8158,-20.5786,-0.784898,43.3332,-18.0239,0.666852,11.3107,1.95339,0,0,0,0.218041,1.46821,0.200422,0,0,0,0,0.180349,2.384,181,61,0,0,0,"CARM"
"./AncSR2_SRE_Repair_6.pdb","IJ","AB",10.2536,9.34149,-12.3545,-8.61099,-21.9097,-20.137,-0.742674,43.0124,-17.6987,0.247639,10.936,1.95463,0,0,0,0.210575,1.38579,0.200422,0,0,0,0,0.182917,2.384,181,61,0,0,0,"CARV"
"./AncSR2_SRE_Repair_7.pdb","IJ","AB",10.2536,9.73921,-10.7694,-8.42103,-20.9135,-20.0307,-0.758494,42.8469,-17.4888,0.24059,11.1868,1.95986,0,0,0,0.231561,1.32382,0.200422,0,0,0,0,0.177044,2.384,181,58,0,0,0,"CGRM"
"./AncSR2_SRE_Repair_8.pdb","IJ","AB",10.2536,11.6536,-9.86267,-8.60204,-21.9525,-20.948,-0.872737,44.3588,-18.9574,3.54254,10.997,1.96723,0,0,0,0.222654,0.412526,0.200422,0,0,0,0,0.18127,2.384,181,61,0,0,0,"CPRM"
"./AncSR2_SRE_Repair_9.pdb","IJ","AB",10.2536,9.18306,-8.13042,-7.36999,-21.4286,-19.943,-2.12472,47.5302,-17.9354,0.419121,10.3891,1.98526,0,0,0,0.110362,1.38642,0.200422,0,0,0,0,0.0367902,2.384,181,61,0,0,0,"DAKM"
"./AncSR2_SRE_Repair_10.pdb","IJ","AB",10.2536,9.24237,-7.00028,-7.38903,-23.5758,-20.063,-2.06246,48.6759,-17.0521,0.432745,11.6857,1.98526,0,0,0,0.125315,1.42996,0.200422,0,0,0,0,0.0367902,2.384,181,60,0,0,0,"DAKQ"
"./AncSR2_SRE_Repair_14.pdb","IJ","AB",10.2536,10.7249,-9.34001,-7.81937,-22.01,-20.2777,-1.77536,46.0732,-17.2771,2.07392,9.1706,1.96678,0,0,0,0.218545,1.36169,0.200422,0,0,0,0,0.11605,2.384,181,61,0,0,0,"DARI"
"./AncSR2_SRE_Repair_15.pdb","IJ","AB",10.2536,10.5654,-10.0301,-7.99719,-22.0479,-20.8497,-1.76302,47.2539,-18.3949,2.15887,8.68823,1.9592,0,0,0,0.237939,1.44598,0.200422,0,0,0,0,0.524026,2.384,181,61,0,0,0,"DARL"
"./AncSR2_SRE_Repair_16.pdb","IJ","AB",10.2536,12.594,-8.79029,-7.70544,-20.7854,-20.8932,-1.55243,46.5519,-18.3102,1.00786,10.1348,1.95724,0,0,0,0.426663,1.37657,0.200422,0,0,0,0,0.177583,2.384,181,61,0,0,0,"DARM"
"./AncSR2_SRE_Repair_21.pdb","IJ","AB",10.2536,10.6576,-12.0925,-7.93427,-22.9414,-19.9727,-2.52085,45.763,-16.9827,0.684538,9.26313,1.96433,0,0,0,0.204194,1.28743,0.200422,0,0,0,0,0.179724,2.384,181,60,0,0,0,"DGRM"
"./AncSR2_SRE_Repair_22.pdb","IJ","AB",10.2536,16.8919,-12.3784,-8.29828,-25.3551,-21.352,-1.95053,46.5027,-19.0157,4.76469,9.44515,1.95703,0,0,0,0.206199,0.447815,0.200422,0,0,0,0,0.517077,2.384,181,61,0,0,0,"DPRM"
"./AncSR2_SRE_Repair_23.pdb","IJ","AB",10.2536,12.3184,-11.273,-8.71152,-23.472,-20.9209,-2.21757,47.1585,-17.6377,1.73743,10.053,1.97821,0,0,0,0.460923,1.25103,0.200422,0,0,0,0,0.098101,2.384,181,61,0,0,0,"DSRM"
"./AncSR2_SRE_Repair_24.pdb","IJ","AB",10.2536,9.19182,-5.98544,-7.34834,-20.3363,-18.802,-0.937551,44.6659,-16.6604,0.384052,10.7108,1.98286,0,0,0,0.11823,1.17084,0.200422,0,0,0,0,0.0367902,2.384,181,58,0,0,0,"GAKM"
"./AncSR2_SRE_Repair_25.pdb","IJ","AB",10.2536,9.43663,-12.2951,-8.58155,-23.5273,-19.8776,-0.77737,43.9093,-16.8053,0.254827,10.5669,1.95446,0,0,0,0.208216,1.36374,0.200422,0,0,0,0,0.179754,2.384,181,59,0,0,0,"GARM"
"./AncSR2_SRE_Repair_27.pdb","IJ","AB",10.2536,9.54328,-4.45811,-7.06282,-20.8695,-18.0588,-0.784348,44.2023,-15.2906,0.53129,10.525,1.99497,0,0,0,0.117308,1.02954,0.200422,0,0,0,0,0.0367902,2.384,181,56,0,0,0,"GGKM"
"./AncSR2_SRE_Repair_28.pdb","IJ","AB",10.2536,9.20889,-4.6645,-7.33241,-22.5545,-17.8223,-0.918792,44.4129,-14.4126,0.338752,11.2789,1.98689,0,0,0,0.12146,1.08789,0.200422,0,0,0,0,0.0367902,2.384,181,56,0,0,0,"GGKQ"
"./AncSR2_SRE_Repair_29.pdb","IJ","AB",10.2536,10.1566,-10.4269,-8.66646,-23.1976,-18.9344,-0.716061,42.5428,-15.3776,0.568026,10.8173,1.95782,0,0,0,0.196833,1.10701,0.200422,0,0,0,0,0.182099,2.384,181,58,0,0,0,"GGRM"
"./AncSR2_SRE_Repair_32.pdb","IJ","AB",10.2536,11.2613,-8.67197,-7.40303,-21.6991,-20.4023,-0.974051,46.8427,-18.6547,0.581107,10.6503,1.98526,0,0,0,0.120247,1.38876,0.200422,0,0,0,0,0.0811576,2.384,181,60,0,0,0,"HAKM"
"./AncSR2_SRE_Repair_33.pdb","IJ","AB",10.2914,12.2631,-8.46092,-6.89116,-24.1879,-20.8186,-0.814944,48.1543,-18.2664,0.745725,11.146,1.98526,0,0,0,0.207821,1.44838,0.200422,0,0,0,0,0.0785678,2.384,181,61,0,0,0,"HAKQ"
"./AncSR2_SRE_Repair_38.pdb","IJ","AB",10.2536,11.7684,-8.69912,-8.01203,-21.314,-21.215,-0.484568,46.4572,-18.9359,2.38141,9.85326,1.96928,0,0,0,0.260579,1.45624,0.200422,0,0,0,0,0.140179,2.384,181,61,0,0,0,"HARM"
"./AncSR2_SRE_Repair_43.pdb","IJ","AB",10.2536,9.07504,-9.40864,-8.12793,-20.526,-20.7775,-0.779248,45.813,-18.0483,0.302518,10.1414,1.95511,0,0,0,0.209243,1.43928,0.200422,0,0,0,0,0.228575,2.384,181,61,0,0,0,"HARV"
"./AncSR2_SRE_Repair_47.pdb","IJ","AB",10.2191,11.125,-7.10214,-8.58396,-21.7173,-22.6448,-0.381703,48.0931,-20.7098,4.89819,11.244,1.95776,0,0,0,0.224649,0.366511,0.200422,0,0,0,0,0.317313,2.384,181,61,0,0,0,"HPRM"
"./AncSR2_SRE_Repair_48.pdb","IJ","AB",10.2536,8.91124,-11.722,-8.66,-19.9963,-20.0212,-0.920576,42.6585,-19.0827,0.327607,11.5392,1.95814,0,0,0,0.115887,1.4457,0.200422,0,0,0,0,0.159081,2.384,181,61,0,0,0,"KAAM"
"./AncSR2_SRE_Repair_49.pdb","IJ","AB",10.2504,8.84698,-9.7611,-8.56569,-23.9352,-20.0646,-0.955918,45.5696,-17.7966,0.49487,12.7463,1.96554,0,0,0,0.125104,1.44785,0.200422,0,0,0,0,0.45515,2.384,181,59,0,0,0,"KAAQ"
"./AncSR2_SRE_Repair_50.pdb","IJ","AB",10.2536,8.94264,-8.67351,-7.57544,-22.7071,-19.6881,-1.05352,46.0628,-18.3356,0.575694,11.3869,1.96813,0,0,0,0.132902,1.34669,0.200422,0,0,0,0,0.359481,2.384,181,59,0,0,0,"KAAV"
"./AncSR2_SRE_Repair_51.pdb","IJ","AB",10.2536,17.328,-10.4934,-8.1946,-20.1932,-19.908,-0.895385,43.3896,-18.8332,0.392316,11.2267,1.97197,0,0,0,0.114961,1.2811,0,0,0,0,0,0.435342,2.384,181,60,0,0,0,"KAPM"
"./AncSR2_SRE_Repair_52.pdb","IJ","AB",10.2536,8.65547,-9.46946,-8.18139,-16.918,-19.6064,-0.695684,41.8668,-18.7353,0.258717,9.82658,1.95328,0,0,0,0.118806,1.4119,0.200422,0,0,0,0,0.442788,2.384,181,59,0,0,0,"KASM"
"./AncSR2_SRE_Repair_53.pdb","IJ","AB",10.2536,9.30307,-9.53907,-6.90543,-26.0396,-20.2194,-2.91546,50.3257,-17.0449,0.403101,10.4823,1.98526,0,0,0,0.152279,1.43261,0.200422,0,0,0,0,0.0367902,2.384,181,61,0,0,0,"NAKE"
"./AncSR2_SRE_Repair_55.pdb","IJ","AB",10.2536,9.18438,-7.5445,-7.37119,-22.3202,-19.7337,-0.945785,46.8429,-16.9105,0.401991,10.1522,1.98526,0,0,0,0.117309,1.43338,0.200422,0,0,0,0,0.0367902,2.384,181,61,0,0,0,"NAKQ"
"./AncSR2_SRE_Repair_59.pdb","IJ","AB",10.2536,13.2857,-12.8917,-8.19101,-24.3409,-20.7543,-0.694334,44.7423,-17.9912,2.51957,9.27197,1.95642,0,0,0,0.209922,1.48123,0.200422,0,0,0,0,0.179371,2.384,181,61,0,0,0,"NARM"
"./AncSR2_SRE_Repair_65.pdb","IJ","AB",10.2536,12.1907,-8.94653,-7.25363,-23.5625,-20.2582,-0.730801,44.7191,-17.2489,3.15896,9.66409,1.96978,0,0,0,0.221174,1.34164,0.200422,0,0,0,0,0.174011,2.384,181,59,2,2,0,"NGRM"
"./AncSR2_SRE_Repair_66.pdb","IJ","AB",10.2536,15.2016,-10.1809,-8.06695,-25.7382,-21.3325,-0.724586,45.6207,-19.0341,6.74685,9.79596,1.97075,0,0,0,0.207997,0.446019,0.200422,0,0,0,0,0.172758,2.384,181,62,2,2,0,"NPRM"
"./AncSR2_SRE_Repair_67.pdb","IJ","AB",10.2536,13.5169,-8.70363,-7.40549,-21.043,-19.9892,-0.747616,44.4826,-17.7829,0.694917,10.5722,1.96415,0,0,0,0.239392,0.883833,0.200422,0,0,0,0,0.110775,2.384,181,61,0,0,0,"PARM"
"./AncSR2_SRE_Repair_68.pdb","IJ","AB",10.2536,12.5878,-12.7283,-8.17307,-24.5392,-20.709,-0.699516,44.7592,-18.3515,1.36031,10.9877,1.9719,0,0,0,0.287765,1.38394,0.200422,0,0,0,0,0.176793,2.384,181,61,0,0,0,"QARM"
"./AncSR2_SRE_Repair_69.pdb","IJ","AB",10.2536,9.2354,-8.31049,-8.00247,-22.7309,-19.8498,-0.982768,46.1465,-17.418,0.387468,11.7947,1.98526,0,0,0,0.122272,1.33251,0.200422,0,0,0,0,0.0367902,2.384,181,62,0,0,0,"SAKM"
"./AncSR2_SRE_Repair_70.pdb","IJ","AB",10.2536,9.273,-6.29777,-8.0135,-22.9102,-19.3216,-0.990176,46.397,-16.1454,0.378545,11.9672,1.98526,0,0,0,0.117883,1.39593,0.200422,0,0,0,0,0.0367902,2.384,181,61,0,0,0,"SAKQ"
"./AncSR2_SRE_Repair_71.pdb","IJ","AB",10.2536,9.24184,-11.6111,-8.44526,-23.287,-20.4985,-0.834442,45.0147,-17.3307,0.318515,10.9108,1.96122,0,0,0,0.200994,1.40063,0.200422,0,0,0,0,0.178062,2.384,181,62,0,0,0,"SARM"
